{"cameraMode":{"drawMode":0,"name":"Shaded","section":"Shading Mode"},"sceneLighting":true,"audioPlay":false,"sceneViewState":{"m_AlwaysRefresh":false,"showFog":true,"showSkybox":true,"showFlares":true,"showImageEffects":true,"showParticleSystems":true,"showVisualEffectGraphs":true,"m_FxEnabled":false},"in2DMode":false,"pivot":{"x":19.48788833618164,"y":7.676464080810547,"z":-44.290000915527347},"rotation":{"x":0.6145527958869934,"y":-0.0023538339883089067,"z":0.0018432079814374447,"w":0.788891613483429},"size":5.2854838371276859,"orthographic":false}